mass_h_mpc,beta_hat,sigma_beta,score_z,expected_positive_95_sensitivity
5.000000000000000104e-03,-2.391500028023567737e+01,1.037024364758680406e+01,-2.306117492793989587e+00,1.705905080028029275e+01
5.538903331106443881e-03,-1.959140925669745670e+01,8.467266182908922190e+00,-2.313782138589488113e+00,1.392865287088517690e+01
6.135890022268412555e-03,-1.606098891152884534e+01,6.916809464843846733e+00,-2.322022746638060742e+00,1.137815156966812857e+01
6.797220336729060952e-03,-1.317757874831091947e+01,5.653678756201911071e+00,-2.330797223640540761e+00,9.300301553952143863e+00
7.529829273074612438e-03,-1.082210371529244419e+01,4.624734174274964360e+00,-2.340048813073469791e+00,7.607687716682316470e+00
8.341399288659158417e-03,-8.897538637313967769e+00,3.786656679649463175e+00,-2.349708302083944655e+00,6.229050238023367214e+00
9.240440861208627787e-03,-7.324803914188042775e+00,3.104128392176946249e+00,-2.359697470197458014e+00,5.106291205131076261e+00
1.023638173340811301e-02,-6.039422002157113667e+00,2.548350780147005779e+00,-2.369933546514628286e+00,4.192037033341824426e+00
1.133966577633027141e-02,-4.988795753223292273e+00,2.095838353906879892e+00,-2.380334219919018057e+00,3.447654092176817286e+00
1.256186250842989717e-02,-4.129995167459102667e+00,1.727436934053447226e+00,-2.390822545265388843e+00,2.841633756517920606e+00
1.391578841856870238e-02,-3.427959634750554763e+00,1.427524859489512910e+00,-2.401330955438774950e+00,2.348278393860248947e+00
1.541564136531653299e-02,-2.854039264571334833e+00,1.183363070149658913e+00,-2.411803559333980829e+00,1.946632250396189034e+00
1.707714946189881067e-02,-2.384812298097120919e+00,9.845661891881143379e-01,-2.422196013112807744e+00,1.619611381214448143e+00
1.891773600806278752e-02,-2.001126575951050590e+00,8.226718197036606561e-01,-2.432472497565174585e+00,1.353295143412521773e+00
2.095670219841026111e-02,-1.687322176849685773e+00,6.907894809839888461e-01,-2.442599696865961345e+00,1.136348696218661747e+00
2.321542952315606978e-02,-1.430600069546381636e+00,5.833141024088780435e-01,-2.452538115637040939e+00,9.595516984626043522e-01
2.571760398377520920e-02,-1.220508200193086701e+00,4.956918888857367311e-01,-2.462231534465211702e+00,8.154131572170368880e-01
2.848946447476177410e-02,-1.048522022251263452e+00,4.242287578472340726e-01,-2.471595814418689141e+00,6.978563066587000208e-01
3.156007793613933854e-02,-9.077011624326084549e-01,3.659334942382759248e-01,-2.480508553397309246e+00,6.019605980219638885e-01
3.496164416209223552e-02,-7.924077666737028292e-01,3.183893389437616461e-01,-2.488801193226098718e+00,5.237504625624879173e-01
3.872983346207417577e-02,-6.980751661282179610e-01,2.796489774160845210e-01,-2.496255028637436535e+00,4.600225678494590520e-01
4.290416071525609415e-02,-6.210179403014841615e-01,2.481488872773395804e-01,-2.502602155968620234e+00,4.082049195712236234e-01
4.752839974081164709e-02,-5.582763452569808882e-01,2.226397916279607148e-01,-2.507531745223159358e+00,3.662424572279953661e-01
5.265104232930803430e-02,-5.074895361518758641e-01,2.021305984447067938e-01,-2.510701200395943911e+00,3.325048344415426627e-01
5.832580674880613603e-02,-4.667931554293002216e-01,1.858437286277999090e-01,-2.511750915007598284e+00,3.057129335927308289e-01
6.461220105808661296e-02,-4.347377760924367451e-01,1.731801817766663865e-01,-2.510320589991501983e+00,2.848813990226162218e-01
7.157614713415104413e-02,-4.102254601462082539e-01,1.636930897351288883e-01,-2.506064616472157613e+00,2.692751326142870383e-01
7.929067195782284194e-02,-3.924623730063675486e-01,1.570688897983474608e-01,-2.498663952551198886e+00,2.583783237182815662e-01
8.783667340657065614e-02,-3.809260227673905153e-01,1.531156375574436457e-01,-2.487832260924233374e+00,2.518752237819947837e-01
9.730376858499260873e-02,-3.753462867098145139e-01,1.517584002696263090e-01,-2.473314729484126229e+00,2.496425684435352732e-01
1.077912335889252421e-01,-3.756999364742008019e-01,1.530421548768741702e-01,-2.454878767072116830e+00,2.517543447724580052e-01
1.194090445579541748e-01,-3.822188230640742312e-01,1.571431925054998513e-01,-2.432296410490049965e+00,2.585005516715472851e-01
1.322790309332580461e-01,-3.954120878548861850e-01,1.643907333820580075e-01,-2.405318595032452045e+00,2.704227564134853989e-01
1.465361530143510782e-01,-4.161023975811753428e-01,1.753012947956910372e-01,-2.373641324589938151e+00,2.883706299389117711e-01
1.623299172117425582e-01,-4.454745671325620049e-01,1.906292859326246258e-01,-2.336863220953411258e+00,3.135851753591675228e-01
1.798259438364708529e-01,-4.851306559433483101e-01,2.114381413160897338e-01,-2.294433033338585837e+00,3.478157424649676033e-01
1.992077038670377609e-01,-5.371361398736266279e-01,2.391965491897092011e-01,-2.245584820070370302e+00,3.934783234170716182e-01
2.206784429062403075e-01,-6.040227586524800074e-01,2.759028575335012445e-01,-2.189258799464000038e+00,4.538602006426095681e-01
2.444633125033515431e-01,-6.886791171561974512e-01,3.242353403957866087e-01,-2.124010036399927248e+00,5.333671349510690218e-01
2.708117311916259373e-01,-7.940053918362004470e-01,3.877130192756047533e-01,-2.047920375023011275e+00,6.377879167083698730e-01
2.999999999999999889e-01,-9.221418460046816312e-01,4.708267815693783498e-01,-1.958558608180618332e+00,7.745100556816273407e-01
