mode,mass_squared,boundary_residue,normalized_weight,cumulative_normalized_weight
0,0.00032432413479388972,0.08108098631445311,0.97297183577343738,0.97297183577343738
1,10.034185801550642,0.0013496858040679702,0.016196229648815643,0.989168065422253
2,39.644551980100381,0.00034808522068554643,0.0041770226482265574,0.9933450880704795
3,88.992868770927529,0.00015561929132497479,0.0018674314958996975,0.99521251956637924
4,158.08020330254971,8.7717554473093132e-05,0.0010526106536771175,0.99626513022005636
5,246.90669101886428,5.6193243521911318e-05,0.00067431892226293587,0.99693944914231925
6,355.47236558861516,3.904349326639931e-05,0.00046852191919679172,0.99740797106151602
7,483.77723858388919,2.8694064400607744e-05,0.00034432877280729296,0.99775229983432334
8,631.82131484632566,2.1973392273216735e-05,0.00026368070727860084,0.9980159805416019
9,799.60459669114914,1.7364130854303259e-05,0.00020836957025163912,0.99822435011185351
10,987.12708533852685,1.406635903349494e-05,0.00016879630840193927,0.99839314642025545
11,1194.3887814810105,1.1625954321291009e-05,0.00013951145185549211,0.99853265787211098
12,1421.3896855353792,9.7695834599470276e-06,0.00011723500151936433,0.99864989287363037
13,1668.1297977646313,8.3247451490031004e-06,9.9896941788037212e-05,0.9987497898154184
14,1934.6091183413703,7.1782196926594465e-06,8.6138636311913351e-05,0.9988359284517303
15,2220.8276473826731,6.253203101227025e-06,7.50384372147243e-05,0.99891096688894498
16,2526.7853849702296,5.4961060174548244e-06,6.5953272209457893e-05,0.99897692016115447
17,2852.4823311624345,4.8686160187829741e-06,5.8423392225395689e-05,0.99903534355337986
18,3197.9184860019332,4.3427548257337229e-06,5.2113057908804671e-05,0.99908745661128862
19,3563.0938495204523,3.8977053594704705e-06,4.6772464313645643e-05,0.99913422907560223
20,3948.0084217419944,3.5177197948648912e-06,4.2212637538378692e-05,0.99917644171314057
21,4352.6622026849864,3.1907073268602156e-06,3.8288487922322591e-05,0.99921473020106288
22,4777.0551923637668,2.9072604907238554e-06,3.4887125888686269e-05,0.99924961732695161
23,5221.1873907896243,2.659971029236712e-06,3.1919652350840546e-05,0.99928153697930244
24,5685.0587979715456,2.4429409283216063e-06,2.9315291139859277e-05,0.99931085227044225
25,6168.6694139167621,2.2514274904732857e-06,2.701712988567943e-05,0.99933786940032798
26,6672.0192386311355,2.0815820411539763e-06,2.4978984493847715e-05,0.99936284838482181
27,7195.1082721194734,1.930255068100636e-06,2.3163060817207632e-05,0.99938601144563899
28,7737.9365143857231,1.7948491672395766e-06,2.1538190006874918e-05,0.99940754963564582
29,8300.5039654331813,1.6732068488131906e-06,2.0078482185758288e-05,0.99942762811783159
30,8882.8106252645903,1.5635240667298379e-06,1.8762288800758055e-05,0.9994463904066323
31,9484.8564938822637,1.4642829476990793e-06,1.7571395372388954e-05,0.9994639618020047
32,10106.641571288164,1.3741989971576379e-06,1.6490387965891655e-05,0.99948045218997061
33,10748.165857483955,1.2921793276889829e-06,1.5506151932267796e-05,0.99949595834190286
34,11409.429352471063,1.2172893573794979e-06,1.4607472288553975e-05,0.9995105658141914
35,12090.432056250706,1.1487260695981439e-06,1.3784712835177727e-05,0.99952435052702659
36,12791.173968823945,1.0857963981373139e-06,1.3029556777647767e-05,0.99953738008380422
37,13511.655090191689,1.0278996442701681e-06,1.2334795731242018e-05,0.99954971487953548
38,14251.875420354745,9.7451308920804706e-07,1.1694157070496565e-05,0.99956140903660595
39,15011.834959313801,9.2518015445189658e-07,1.1102161853422759e-05,0.99957251119845936
40,15791.533707069466,8.7950060773836199e-07,1.0554007292860344e-05,0.99958306520575224
41,16590.971663622277,8.3712242021750431e-07,1.0045469042610053e-05,0.99959311067479484
42,17410.148828972713,7.9773496385036686e-07,9.5728195662044027e-06,0.99960268349436099
43,18249.065203121187,7.6106330324320961e-07,9.1327596389185153e-06,0.99961181625399986
44,19107.720786068079,7.268633849931936e-07,8.7223606199183236e-06,0.99962053861461975
45,19986.115577813714,6.9491796661495107e-07,8.3390155993794128e-06,0.99962887763021913
46,20884.249578358384,6.6503315831562352e-07,7.9803978997874814e-06,0.99963685802811897
47,21802.122787702345,6.3703547425021823e-07,7.6444256910026183e-06,0.99964450245380998
48,22739.735205845871,6.1076930919527655e-07,7.3292317103433187e-06,0.9996518316855203
49,23697.086832789133,5.8609477121149764e-07,7.0331372545379713e-06,0.99965886482277488
50,24674.177668532353,5.6288581615435433e-07,6.754629793852252e-06,0.99966561945256871
51,25671.007713075676,5.4102863394705482e-07,6.4923436073646578e-06,0.9996721117961761
52,26687.576966419289,5.2042025153716332e-07,6.2450430184459598e-06,0.99967835683919459
53,27723.88542856331,5.0096731708027466e-07,6.011607804963296e-06,0.99968436844699959
54,28779.933099507882,4.8258504163878142e-07,5.7910204996653766e-06,0.99969015946749928
55,29855.719979253128,4.651962732993138e-07,5.5823552795917654e-06,0.99969574182277887
56,30951.246067799118,4.4873068624472441e-07,5.3847682349366925e-06,0.99970112659101384
57,32066.511365146009,4.3312406925102996e-07,5.1974888310123595e-06,0.99970632407984483
58,33201.515871293836,4.1831769778483575e-07,5.0198123734180291e-06,0.99971134389221827
59,34356.259586242719,4.0425778163828702e-07,4.8510933796594446e-06,0.99971619498559794
60,35530.742509992728,3.9089497520770822e-07,4.6907397024924989e-06,0.99972088572530038
61,36724.964642543899,3.7818394391000347e-07,4.5382073269200418e-06,0.99972542393262731
62,37938.925983896333,3.6608297968142616e-07,4.3929957561771141e-06,0.99972981692838347
63,39172.626534050076,3.5455365785838111e-07,4.2546438943005731e-06,0.99973407157227778
64,40426.066293005169,3.4356053200629161e-07,4.1227263840754989e-06,0.99973819429866184
65,41699.24526076168,3.3307086119747255e-07,3.9968503343696709e-06,0.99974219114899621
66,42992.163437319636,3.2305436584669173e-07,3.8766523901603009e-06,0.99974606780138642
67,44304.820822679125,3.1348300916326008e-07,3.7617961099591211e-06,0.99974982959749636
68,45637.21741684014,3.0433080024743327e-07,3.6519696029691992e-06,0.99975348156709931
69,46989.353219802702,2.9557361798914076e-07,3.5468834158696889e-06,0.99975702845051517
70,48361.228231566907,2.8718905197332817e-07,3.4462686236799381e-06,0.99976047471913887
71,49752.84245213274,2.7915625843840498e-07,3.34987510126086e-06,0.99976382459424018
72,51164.195881500265,2.7145583120116947e-07,3.2574699744140334e-06,0.99976708206421461
73,52595.288519669477,2.6406968389637433e-07,3.1688362067564922e-06,0.99977025090042138
74,54046.120366640418,2.5698094400390948e-07,3.083771328046914e-06,0.99977333467174945
75,55516.691422413103,2.501738561745389e-07,3.0020862740944666e-06,0.99977633675802358
76,57007.001686987569,2.4363369483472415e-07,2.9236043380166896e-06,0.99977926036236164
77,58517.051160363822,2.3734668423896584e-07,2.84816021086759e-06,0.99978210852257254
78,60046.839842541878,2.3129992601607182e-07,2.7755991121928621e-06,0.99978488412168476
79,61596.367733521758,2.2548133294358157e-07,2.7057759953229786e-06,0.99978758989768013
80,63165.63483330352,2.1987956863202211e-07,2.6385548235842653e-06,0.99979022845250376
81,64754.641141887136,2.1448399185673205e-07,2.5738079022807845e-06,0.99979280226040601
82,66363.386659272583,2.0928460630397549e-07,2.511415275647706e-06,0.99979531367568164
83,67991.871385459963,2.0427201445646686e-07,2.4512641734776022e-06,0.99979776493985517
84,69640.095320449254,1.9943737453158694e-07,2.3932484943790432e-06,0.99980015818834955
85,71308.058464240501,1.947723619668339e-07,2.3372683436020067e-06,0.9998024954566932
86,72995.760816833645,1.9026913308714614e-07,2.2832295970457534e-06,0.99980477868629025
87,74703.202378228714,1.8592029254626106e-07,2.2310435105551327e-06,0.99980700972980086
88,76430.383148425753,1.8171886290226624e-07,2.180626354827195e-06,0.99980919035615567
89,78177.303127424762,1.7765825632300367e-07,2.1318990758760438e-06,0.9998113222552315
90,79943.962315225726,1.7373224895102552e-07,2.0847869874123063e-06,0.99981340704221888
91,81730.360711828718,1.6993495708349291e-07,2.0392194850019149e-06,0.99981544626170393
92,83536.498317233621,1.6626081478723618e-07,1.9951297774468341e-06,0.99981744139148143
93,85362.375131440582,1.6270455415657099e-07,1.9524546498788518e-06,0.99981939384613128
94,87207.99115444957,1.5926118572404069e-07,1.9111342286884882e-06,0.99982130498035993
95,89073.346386260557,1.5592598118660202e-07,1.8711117742392242e-06,0.99982317609213411
96,90958.440826873528,1.5269445728703108e-07,1.832333487444373e-06,0.99982500842562161
97,92863.274476288541,1.4956236077973145e-07,1.7947483293567773e-06,0.99982680317395101
98,94787.847334505597,1.4652565416872019e-07,1.7583078500246424e-06,0.99982856148180099
99,96732.159401524696,1.4358050290463242e-07,1.7229660348555889e-06,0.99983028444783584
100,98696.210677345807,1.4072326310369185e-07,1.6886791572443022e-06,0.99983197312699312
101,100680.00116196903,1.3795047059710298e-07,1.6554056471652359e-06,0.99983362853264024
102,102683.53085539425,1.3525882980831049e-07,1.623105957699726e-06,0.99983525163859799
103,104706.79975762159,1.3264520481923746e-07,1.5917424578308496e-06,0.99983684338105583
104,106749.80786865095,1.3010660935312555e-07,1.5612793122375065e-06,0.99983840466036811
105,108812.55518848238,1.2764019885399723e-07,1.5316823862479667e-06,0.99983993634275437
106,110895.04171711586,1.2524326225384318e-07,1.5029191470461181e-06,0.99984143926190139
107,112997.26745455147,1.22913214693078e-07,1.4749585763169359e-06,0.99984291422047766
108,115119.23240078909,1.2064759013189706e-07,1.4477710815827648e-06,0.99984436199155924
109,117260.93655582886,1.1844403552376542e-07,1.421328426285185e-06,0.99984578331998553
110,119422.37991967067,1.1630030393337512e-07,1.3956036472005014e-06,0.99984717892363273
111,121603.56249231458,1.1421424938600382e-07,1.3705709926320457e-06,0.99984854949462532
112,123804.48427376064,1.121838212970491e-07,1.3462058555645893e-06,0.99984989570048088
113,126025.14526400872,1.1020705915127282e-07,1.3224847098152738e-06,0.99985121818519074
114,128265.545463059,1.0828208847734254e-07,1.2993850617281105e-06,0.99985251757025251
115,130525.68487091127,1.064071154191261e-07,1.2768853850295132e-06,0.99985379445563749
116,132805.56348756573,1.0458042363035631e-07,1.2549650835642757e-06,0.99985504942072101
117,135105.18131302221,1.0280036933502801e-07,1.2336044320203361e-06,0.99985628302515306
118,137424.5383472809,1.0106537854891579e-07,1.2127845425869895e-06,0.99985749580969563
119,139763.63459034168,9.9373942789174643e-08,1.1924873134700957e-06,0.99985868829700908
120,142122.47004220454,9.7724616277070453e-08,1.1726953953248453e-06,0.99985986099240443
121,144501.04470286949,9.6116012754653657e-08,1.1533921530558439e-06,0.99986101438455743
122,146899.35857233664,9.4546802631135012e-08,1.1345616315736202e-06,0.99986214894618897
123,149317.41165060585,9.3015709951243299e-08,1.1161885194149195e-06,0.99986326513470836
124,151755.20393767723,9.1521510169685859e-08,1.0982581220362302e-06,0.99986436339283036
125,154212.73543355067,9.0063027336765049e-08,1.0807563280411805e-06,0.99986544414915834
126,156690.00613822628,8.8639132260724132e-08,1.0636695871286897e-06,0.99986650781874542
127,159187.01605170398,8.7248739694411277e-08,1.0469848763329353e-06,0.99986755480362177
128,161703.76517398385,8.5890806956541002e-08,1.030689683478492e-06,0.99986858549330526
129,164240.25350506586,8.4564331385888238e-08,1.0147719766306588e-06,0.99986960026528193
130,166796.48104494996,8.3268348733439787e-08,9.9922018480127755e-07,0.99987059948546675
131,169372.44779363624,8.2001931614436505e-08,9.8402317937323801e-07,0.99987158350864613
132,171968.1537511246,8.0764187378174877e-08,9.6917024853809847e-07,0.99987255267889463
133,174583.59891741513,7.9554257059409162e-08,9.5465108471290989e-07,0.99987350732997937
134,177218.78329250775,7.8371313375068404e-08,9.404557605008209e-07,0.99987444778573986
135,179873.70687640252,7.7214559782122995e-08,9.2657471738547594e-07,0.99987537436045726
136,182548.36966909948,7.6083228857327362e-08,9.129987462879284e-07,0.99987628735920353
137,185242.77167059859,7.4976581002524779e-08,8.9971897203029735e-07,0.99987718707817552
138,187956.91288089985,7.3893903372071086e-08,8.8672684046485303e-07,0.99987807380501603
139,190690.79330000316,7.2834508577737554e-08,8.7401410293285065e-07,0.99987894781911901
140,193444.41292790874,7.1797733958087056e-08,8.6157280749704473e-07,0.99987980939192656
141,196217.77176461637,7.0782939930348428e-08,8.4939527916418113e-07,0.99988065878720567
142,199010.86981012617,6.9789509594069996e-08,8.374741151288399e-07,0.99988149626132083
143,201823.70706443812,6.8816847416790318e-08,8.2580216900148382e-07,0.99988232206348981
144,204656.28352755221,6.7864378554490425e-08,8.143725426538851e-07,0.99988313643603244
145,207508.59919946847,6.6931547861399491e-08,8.0317857433679384e-07,0.99988393961460675
146,210380.6540801868,6.601781910005412e-08,7.922138292006495e-07,0.99988473182843596
147,213272.44816970744,6.5122674424401983e-08,7.8147209309282374e-07,0.99988551330052911
148,216183.98146803008,6.4245613063742079e-08,7.70947356764905e-07,0.99988628424788584
149,219115.25397515498,6.3386151350152992e-08,7.6063381620183591e-07,0.99988704488170199
150,222066.26569108191,6.2543821373181084e-08,7.5052585647817301e-07,0.99988779540755846
151,225037.01661581104,6.1718170961816253e-08,7.4061805154179498e-07,0.99988853602561001
152,228027.5067493424,6.0908762631424711e-08,7.3090515157709648e-07,0.99988926693076163
153,231037.73609167588,6.0115173041140574e-08,7.2138207649368688e-07,0.99988998831283815
154,234067.70464281147,5.9336992703704187e-08,7.1204391244445022e-07,0.99989070035675065
155,237117.41240274924,5.8573825236106853e-08,7.0288590283328219e-07,0.99989140324265346
156,240186.85937148915,5.782528694504112e-08,6.9390344334049341e-07,0.99989209714609684
157,243276.04554903129,5.7091006348218957e-08,6.8509207617862746e-07,0.99989278223817302
158,246384.97093537555,5.637062355819209e-08,6.7644748269830505e-07,0.99989345868565571
159,249513.63553052195,5.5663790065913451e-08,6.6796548079096141e-07,0.99989412665113653
160,252662.03933447052,5.4970168228157088e-08,6.5964201873788509e-07,0.99989478629315531
161,255830.18234722118,5.428943077147855e-08,6.514731692577426e-07,0.99989543776632461
162,259018.06456877408,5.3621260609951791e-08,6.4345512731942144e-07,0.9998960812214519
163,262225.68599912903,5.2965350223278412e-08,6.3558420267934094e-07,0.99989671680565462
164,265453.04663828638,5.2321401717412926e-08,6.2785682060895508e-07,0.99989734466247526
165,268700.14648624562,5.168912563807881e-08,6.2026950765694567e-07,0.99989796493198291
166,271966.98554300721,5.1068241859815877e-08,6.128189023177905e-07,0.9998985777508852
167,275253.56380857085,5.0458478202030759e-08,6.0550173842436914e-07,0.99989918325262361
168,278559.88128293684,4.9859570815880776e-08,5.9831484979056934e-07,0.99989978156747339
169,281885.93796610477,4.9271263270928643e-08,5.9125515925114371e-07,0.99990037282263267
170,285231.73385807493,4.8693307091507914e-08,5.8431968509809499e-07,0.99990095714231775
171,288597.26895884739,4.8125460861877064e-08,5.775055303425248e-07,0.99990153464784814
172,291982.54326842166,4.7567489922140039e-08,5.7080987906568047e-07,0.99990210545772717
173,295387.55678679841,4.7019166909992296e-08,5.6423000291990756e-07,0.99990266968773012
174,298812.3095139772,4.6480270479976093e-08,5.5776324575971312e-07,0.99990322745097593
175,302256.80144995824,4.5950585857493945e-08,5.5140703028992732e-07,0.99990377885800619
176,305721.03259474144,4.5429904276099481e-08,5.4515885131319383e-07,0.99990432401685747
177,309205.00294832676,4.4918022841576757e-08,5.3901627409892106e-07,0.99990486303313153
178,312708.71251071413,4.44147442639339e-08,5.3297693116720683e-07,0.99990539601006267
179,316232.16128190386,4.3919877001628589e-08,5.2703852401954304e-07,0.99990592304858672
180,319775.34926189575,4.3433234595782227e-08,5.2119881514938678e-07,0.99990644424740183
181,323338.27645068965,4.2954635691913702e-08,5.1545562830296437e-07,0.99990695970303012
182,326920.94284828595,4.2483904192565848e-08,5.098068503107902e-07,0.99990746950988041
183,330523.34845468414,4.2020868349375376e-08,5.0425042019250446e-07,0.99990797376030061
184,334145.49326988473,4.1565361588372122e-08,4.9878433906046549e-07,0.99990847254463966
185,337787.37729388737,4.1117221351596724e-08,4.9340665621916068e-07,0.99990896595129586
186,341449.00052669208,4.0676289661453457e-08,4.8811547593744149e-07,0.99990945406677179
187,345130.36296829907,4.0242412892129878e-08,4.8290895470555848e-07,0.9999099369757265
188,348831.46461870836,3.9815441290934921e-08,4.7778529549121899e-07,0.99991041476102194
189,352552.30547791952,3.9395228897074002e-08,4.72742746764888e-07,0.99991088750376866
190,356292.8855459331,3.8981634097192055e-08,4.6777960916630468e-07,0.99991135528337782
191,360053.20482274884,3.857451852080526e-08,4.6289422224966312e-07,0.99991181817760011
192,363833.2633083667,3.8173747477454496e-08,4.5808496972945398e-07,0.99991227626256984
193,367633.06100278668,3.7779189879679603e-08,4.5335027855615524e-07,0.99991272961284838
194,371452.59790600883,3.7390717919100376e-08,4.4868861502920451e-07,0.99991317830146342
195,375291.87401803315,3.700820712307881e-08,4.4409848547694575e-07,0.99991362239994885
196,379150.88933885971,3.6631536162954109e-08,4.395784339554493e-07,0.99991406197838284
197,383029.64386848832,3.6260586667620831e-08,4.3512704001144999e-07,0.99991449710542291
198,386928.1376069191,3.589524340781004e-08,4.3074292089372046e-07,0.99991492784834379
199,390846.37055415212,3.553539398942983e-08,4.2642472787315796e-07,0.99991535427307165
200,394784.34271018725,3.5180928796916217e-08,4.2217114556299464e-07,0.99991577644421725
201,398742.05407502485,3.4831741057877666e-08,4.1798089269453197e-07,0.99991619442510993
202,402719.50464866433,3.4487726308258096e-08,4.1385271569909713e-07,0.99991660827782558
203,406716.69443110586,3.4148782942502441e-08,4.097853953100293e-07,0.99991701806322086
204,410733.62342234992,3.3814811919344863e-08,4.0577774303213838e-07,0.99991742384096394
205,414770.29162239586,3.3485716240481106e-08,4.0182859488577324e-07,0.99991782566955878
206,418826.69903124403,3.3161401615198998e-08,3.9793681938238797e-07,0.99991822360637816
207,422902.84564889444,3.284177582340245e-08,3.941013098808294e-07,0.99991861770768808
208,426998.73147534725,3.2526749024577018e-08,3.9032098829492422e-07,0.99991900802867639
209,431114.35651060176,3.2216233134129712e-08,3.8659479760955657e-07,0.99991939462347401
210,435249.72075465875,3.1910142710708339e-08,3.8292171252850007e-07,0.99991977754518657
211,439404.82420751796,3.1608393988614243e-08,3.7930072786337095e-07,0.9999201568459144
212,443579.66686917894,3.131090507530041e-08,3.7573086090360489e-07,0.99992053257677527
213,447774.24873964267,3.1017596482831819e-08,3.7221115779398183e-07,0.99992090478793305
214,451988.56981890817,3.0728389953180698e-08,3.6874067943816838e-07,0.99992127352861249
215,456222.63010697585,3.0443209448042743e-08,3.6531851337651292e-07,0.99992163884712582
216,460476.42960384587,3.0161980658950429e-08,3.6194376790740514e-07,0.99992200079089377
217,464749.96830951807,2.9884630864230668e-08,3.5861557037076801e-07,0.99992235940646412
218,469043.24622399232,2.9611089011011516e-08,3.553330681321382e-07,0.9999227147395322
219,473356.26334726857,2.9341285684610935e-08,3.520954282153312e-07,0.99992306683496046
220,477689.01967934723,2.9075153188216551e-08,3.4890183825859858e-07,0.99992341573679877
221,482041.51522022812,2.8812625183553199e-08,3.4575150220263837e-07,0.99992376148830098
222,486413.74996991124,2.8553636884430797e-08,3.4264364261316957e-07,0.99992410413194355
223,490805.72392839624,2.829812481216558e-08,3.3957749774598695e-07,0.99992444370944134
224,495217.43709568365,2.8046027203584283e-08,3.3655232644301141e-07,0.99992478026176779
225,499648.889471773,2.7797283335753138e-08,3.3356740002903765e-07,0.99992511382916782
226,504100.08105666476,2.7551834149448297e-08,3.3062200979337956e-07,0.99992544445117759
227,508571.01185035857,2.7309621580654687e-08,3.2771545896785623e-07,0.99992577216663658
228,513061.68185285467,2.7070589073433931e-08,3.2484706888120719e-07,0.99992609701370549
229,517572.09106415289,2.6834681131060474e-08,3.2201617357272568e-07,0.99992641902987911
230,522102.23948425316,2.6601843508075232e-08,3.1922212209690278e-07,0.99992673825200118
231,526652.12711315567,2.6372023188338742e-08,3.1646427826006492e-07,0.99992705471627941
232,531221.75395086047,2.6145168363519569e-08,3.1374202036223483e-07,0.99992736845829977
233,535811.1199973675,2.5921228101385606e-08,3.110547372166273e-07,0.99992767951303696
234,540420.22525267629,2.5700152641069098e-08,3.0840183169282918e-07,0.9999279879148687
235,545049.06971678755,2.5481893475353922e-08,3.0578272170424707e-07,0.9999282936975904
236,549697.65338970092,2.5266402919631127e-08,3.0319683503557355e-07,0.99992859689442548
237,554365.97627141688,2.5053634404210687e-08,3.0064361285052823e-07,0.99992889753803837
238,559054.03836193436,2.4843542049595324e-08,2.9812250459514388e-07,0.99992919566054295
239,563761.8396612542,2.4636081362672293e-08,2.956329763520675e-07,0.99992949129351927
240,568489.38016937661,2.4431208608624598e-08,2.9317450330349519e-07,0.99992978446802261
241,573236.65988630091,2.422888079900643e-08,2.9074656958807716e-07,0.99993007521459221
242,578003.67881202744,2.4029055979091611e-08,2.8834867174909932e-07,0.99993036356326392
243,582790.43694655586,2.3831693011635085e-08,2.8598031613962105e-07,0.99993064954358002
244,587596.93428988662,2.3636751662483737e-08,2.8364101994980484e-07,0.99993093318460002
245,592423.17084201984,2.3444192585535791e-08,2.813303110264295e-07,0.99993121451491107
246,597269.14660295495,2.3253976915706928e-08,2.790477229884831e-07,0.99993149356263411
247,602134.86157269217,2.3066066848428163e-08,2.7679280218113797e-07,0.99993177035543634
248,607020.31575123162,2.2880425329539446e-08,2.7456510395447333e-07,0.99993204492054033
249,611925.50913857354,2.2697016043244764e-08,2.7236419251893717e-07,0.99993231728473286
250,616850.44173471711,2.2515803110782997e-08,2.7018963732939594e-07,0.99993258747437019
251,621795.11353966326,2.2336751853506397e-08,2.6804102224207679e-07,0.99993285551539246
252,626759.52455341152,2.2159827910237142e-08,2.6591793492284569e-07,0.99993312143332735
253,631743.6747759619,2.1984997710475169e-08,2.6381997252570205e-07,0.99993338525329989
254,636747.5642073144,2.1812228366480637e-08,2.6174674039776763e-07,0.99993364700004028
255,641771.19284746924,2.1641487662442033e-08,2.5969785194930441e-07,0.99993390669789228
256,646814.5606964262,2.1472743855361416e-08,2.5767292626433699e-07,0.9999341643708185
257,651877.66775418539,2.1305966043761889e-08,2.5567159252514266e-07,0.99993442004241107
258,656960.51402074657,2.1141123686191773e-08,2.5369348423430125e-07,0.99993467373589529
259,662063.09949610976,2.0978186969152216e-08,2.5173824362982658e-07,0.99993492547413887
260,667185.42418027564,2.0817126795326371e-08,2.4980552154391643e-07,0.99993517527966036
261,672327.48807324329,2.0657914217428541e-08,2.4789497060914248e-07,0.99993542317463102
262,677489.29117501329,2.0500521266176205e-08,2.4600625519411447e-07,0.99993566918088617
263,682670.83348558564,2.0344920291639236e-08,2.4413904349967086e-07,0.9999359133199297
264,687872.11500495975,2.0191084050575152e-08,2.4229300860690179e-07,0.99993615561293836
265,693093.13573313633,2.0038986155893939e-08,2.4046783387072727e-07,0.99993639608077223
266,698333.89567011513,1.9888600427591283e-08,2.3866320513109537e-07,0.99993663474397732
267,703594.39481589571,1.9739901161786147e-08,2.3687881394143376e-07,0.99993687162279121
268,708874.63317047886,1.9592863393694043e-08,2.351143607243285e-07,0.99993710673715197
269,714174.61073386413,1.9447462437220077e-08,2.3336954924664094e-07,0.99993734010670121
270,719494.3275060514,1.9303673970857419e-08,2.3164408765028904e-07,0.9999375717507889
271,724833.78348704102,1.9161474388713684e-08,2.2993769266456421e-07,0.99993780168848156
272,730192.97867683275,1.9020840256805915e-08,2.2825008308167098e-07,0.99993802993856462
273,735571.91307542671,1.8881748753342589e-08,2.2658098504011107e-07,0.99993825651954971
274,740970.58668282267,1.8744177306900209e-08,2.249301276828025e-07,0.99993848144967734
275,746388.99949902121,1.8608104032009002e-08,2.2329724838410802e-07,0.9999387047469257
276,751827.15152402152,1.8473507018910367e-08,2.2168208422692441e-07,0.99993892642900994
277,757285.04275782406,1.8340365119268024e-08,2.2008438143121627e-07,0.99993914651339133
278,762762.67320042884,1.8208657413177458e-08,2.185038889581295e-07,0.99993936501728031
279,768260.04285183572,1.8078363379366484e-08,2.169403605523978e-07,0.99993958195764088
280,773777.15171204496,1.79494628893977e-08,2.1539355467277238e-07,0.99993979735119554
281,779313.99978105631,1.7821936116112205e-08,2.1386323339334644e-07,0.99994001121442888
282,784870.58705887001,1.7695763615093928e-08,2.1234916338112713e-07,0.99994022356359225
283,790446.9135454857,1.7570926233884996e-08,2.1085111480661995e-07,0.99994043441470704
284,796042.9792409034,1.7447405192988166e-08,2.0936886231585798e-07,0.99994064378356939
285,801658.78414512356,1.7325182165138956e-08,2.0790218598166747e-07,0.99994085168575542
286,807294.32825814583,1.7204238931123092e-08,2.0645086717347711e-07,0.9999410581366226
287,812949.61157996987,1.7084557631182431e-08,2.0501469157418916e-07,0.99994126315131415
288,818624.6341105965,1.6966120927392554e-08,2.0359345112871064e-07,0.99994146674476525
289,824319.39585002512,1.6848911494824388e-08,2.0218693793789266e-07,0.99994166893170322
290,830033.89679825609,1.673291252149112e-08,2.0079495025789344e-07,0.99994186972665344
291,835768.1369552894,1.6618107368924963e-08,1.9941728842709956e-07,0.9999420691439419
292,841522.11632112449,1.6504479652808581e-08,1.9805375583370297e-07,0.99994226719769774
293,847295.83489576203,1.6392013404273483e-08,1.9670416085128178e-07,0.99994246390185859
294,853089.2926792017,1.6280692817596534e-08,1.9536831381115841e-07,0.99994265927017245
295,858902.48967144324,1.6170502330128828e-08,1.9404602796154593e-07,0.99994285331620036
296,864735.4258724876,1.6061426863593355e-08,1.9273712236312028e-07,0.99994304605332274
297,870588.10128233372,1.595345124819749e-08,1.9144141497836987e-07,0.99994323749473768
298,876460.51590098208,1.5846560791716288e-08,1.9015872950059546e-07,0.99994342765346722
299,882352.66972843255,1.5740741030280067e-08,1.888888923633608e-07,0.99994361654235964
300,888264.5627646849,1.5635977644963495e-08,1.8763173173956194e-07,0.99994380417409134
301,894196.19500973995,1.55322567807702e-08,1.863870813692424e-07,0.99994399056117267
302,900147.56646359689,1.5429564480535893e-08,1.8515477376643071e-07,0.9999441757159464
303,906118.6771262564,1.5327887324337274e-08,1.839346478920473e-07,0.99994435965059425
304,912109.5269977178,1.5227211865883572e-08,1.8272654239060286e-07,0.99994454237713659
305,918120.11607798131,1.5127525029164657e-08,1.815303003499759e-07,0.99994472390743694
306,924150.44436704682,1.5028813866586486e-08,1.8034576639903785e-07,0.99994490425320337
307,930200.51186491479,1.493106579331974e-08,1.7917278951983687e-07,0.99994508342599286
308,936270.31857158488,1.4834268268772468e-08,1.7801121922526962e-07,0.99994526143721207
309,942359.86448705744,1.4738409030757689e-08,1.7686090836909227e-07,0.99994543829812044
310,948469.14961133187,1.4643475936001648e-08,1.7572171123201979e-07,0.99994561401983162
311,954598.17394440854,1.4549457114007222e-08,1.7459348536808666e-07,0.99994578861331695
312,960746.93748628697,1.4456340808650354e-08,1.7347608970380424e-07,0.99994596208940667
313,966915.44023696834,1.4364115685262931e-08,1.7236938822315518e-07,0.99994613445879488
314,973103.68219645147,1.427277020985855e-08,1.7127324251830259e-07,0.99994630573203735
315,979311.66336473683,1.4182293342160135e-08,1.7018752010592162e-07,0.99994647591955743
316,985539.38374182396,1.4092673993934585e-08,1.6911208792721503e-07,0.99994664503164532
317,991786.84332771401,1.4003901563030366e-08,1.6804681875636439e-07,0.99994681307846411
318,998054.04212240549,1.3915965167622631e-08,1.6699158201147159e-07,0.99994698007004612
319,1004340.9801258998,1.3828854558650327e-08,1.6594625470380393e-07,0.99994714601630086
320,1010647.6573381959,1.374255928114455e-08,1.649107113737346e-07,0.99994731092701228
321,1016974.0737592945,1.3657069279188146e-08,1.6388483135025774e-07,0.99994747481184365
322,1023320.229389195,1.3572374515599128e-08,1.6286849418718953e-07,0.99994763768033779
323,1029686.124227898,1.3488465196195114e-08,1.6186158235434137e-07,0.99994779954192015
324,1036071.7582754026,1.3405331543134888e-08,1.6086397851761866e-07,0.99994796040589862
325,1042477.1315317098,1.3322964166284077e-08,1.5987556999540892e-07,0.99994812028146862
326,1048902.2439968188,1.3241353539697358e-08,1.5889624247636831e-07,0.99994827917771112
327,1055347.0956707308,1.3160490594353623e-08,1.5792588713224349e-07,0.99994843710359826
328,1061811.6865534442,1.3080366049654702e-08,1.5696439259585644e-07,0.99994859406799086
329,1068296.01664496,1.3000971003692846e-08,1.5601165204431416e-07,0.9999487500796429
330,1074800.0859452779,1.2922296635502448e-08,1.5506755962602938e-07,0.99994890514720247
331,1081323.8944543987,1.2844334350014274e-08,1.5413201220017129e-07,0.99994905927921462
332,1087867.4421723206,1.2767075339055354e-08,1.5320490406866425e-07,0.99994921248411872
333,1094430.7290990455,1.2690511454310397e-08,1.5228613745172475e-07,0.9999493647702562
334,1101013.7552345716,1.2614634042131862e-08,1.5137560850558235e-07,0.99994951614586469
335,1107616.5205789006,1.2539435247728692e-08,1.5047322297274432e-07,0.99994966661908768
336,1114239.0251320316,1.2464906854830158e-08,1.4957888225796189e-07,0.99994981619796997
337,1120881.2688939655,1.2391041007284794e-08,1.4869249208741754e-07,0.99994996489046206
338,1127543.2518647003,1.231782963307556e-08,1.4781395559690671e-07,0.99995011270441769
339,1134224.974044238,1.2245265301832225e-08,1.4694318362198669e-07,0.99995025964760131
340,1140926.4354325784,1.2173340364257812e-08,1.4608008437109375e-07,0.99995040572768568
341,1147647.6360297196,1.2102047097163998e-08,1.4522456516596797e-07,0.99995055095225083
342,1154388.5758356641,1.2031378410285796e-08,1.4437654092342954e-07,0.99995069532879177
343,1161149.2548504099,1.1961326852673747e-08,1.4353592223208497e-07,0.99995083886471403
344,1167929.6730739593,1.1891885459818757e-08,1.4270262551782509e-07,0.99995098156733953
345,1174729.8305063096,1.1823046907772008e-08,1.418765628932641e-07,0.99995112344390247
346,1181549.7271474623,1.1754804355344546e-08,1.4105765226413455e-07,0.99995126450155469
347,1188389.3629974178,1.1687151020293749e-08,1.4024581224352499e-07,0.99995140474736699
348,1195248.7380561742,1.1620079901461826e-08,1.3944095881754192e-07,0.99995154418832577
349,1202127.8523237335,1.1553584611707683e-08,1.3864301534049219e-07,0.99995168283134106
350,1209026.7058000958,1.1487658542263381e-08,1.3785190250716058e-07,0.99995182068324362
351,1215945.2984852591,1.1422295003624675e-08,1.3706754004349611e-07,0.99995195775078372
352,1222883.6303792256,1.1357487912332914e-08,1.3628985494799497e-07,0.99995209404063867
353,1229841.7014819935,1.1293230689160425e-08,1.3551876826992509e-07,0.99995222955940699
354,1236819.5117935636,1.1229517220465385e-08,1.3475420664558461e-07,0.99995236431361367
355,1243817.061313936,1.116634144413428e-08,1.3399609732961137e-07,0.999952498309711
356,1250834.3500431108,1.1103697349101298e-08,1.3324436818921558e-07,0.99995263155407921
357,1257871.3779810872,1.1041578839717153e-08,1.3249894607660584e-07,0.99995276405302524
358,1264928.1451278667,1.0979980276272251e-08,1.3175976331526701e-07,0.99995289581278857
359,1272004.6514834475,1.0918895662466067e-08,1.3102674794959282e-07,0.99995302683953646
360,1279100.8970478312,1.0858319454754115e-08,1.3029983345704937e-07,0.99995315713936994
361,1286216.8818210168,1.0798245888012458e-08,1.295789506561495e-07,0.99995328671832062
362,1293352.6058030045,1.0738669511965427e-08,1.2886403414358513e-07,0.99995341558235473
363,1300508.0689937943,1.0679584788299041e-08,1.2815501745958849e-07,0.99995354373737222
364,1307683.2713933862,1.0620986357189067e-08,1.274518362862688e-07,0.99995367118920853
365,1314878.2130017804,1.0562868902867593e-08,1.2675442683441111e-07,0.99995379794363537
366,1322092.8938189766,1.0505227153221198e-08,1.2606272583865438e-07,0.99995392400636118
367,1329327.3138449755,1.0448056010864266e-08,1.2537667213037121e-07,0.99995404938303334
368,1336581.4730797764,1.0391350288728269e-08,1.2469620346473923e-07,0.99995417407923681
369,1343855.3715233786,1.0335104842225069e-08,1.2402125810670083e-07,0.99995429810049496
370,1351149.009175784,1.0279314960075838e-08,1.2335177952091007e-07,0.99995442145227453
371,1358462.3860369914,1.0223975578326758e-08,1.2268770693992111e-07,0.99995454413998153
372,1365795.5021070014,1.0169081933791558e-08,1.2202898320549869e-07,0.99995466616896478
373,1373148.3573858123,1.0114629042766625e-08,1.2137554851319949e-07,0.99995478754451328
374,1380520.9518734266,1.0060612478217923e-08,1.2072734973861507e-07,0.99995490827186306
375,1387913.2855698427,1.0007027461857286e-08,1.2008432954228744e-07,0.99995502835619265
376,1395325.3584750609,9.9538693822785726e-09,1.1944643258734286e-07,0.99995514780262529
377,1402757.1705890815,9.9011337929067592e-09,1.1881360551488112e-07,0.9999552666162308
378,1410208.7219119039,9.848816154685038e-09,1.1818579385622046e-07,0.99995538480202462
379,1417680.0124435287,9.7969120920697219e-09,1.1756294510483666e-07,0.99995550236496977
380,1425171.0421839557,9.7454172640581401e-09,1.1694500716869768e-07,0.9999556193099769
381,1432681.8111331847,9.6943273638861075e-09,1.1633192836663329e-07,0.99995573564190521
382,1440212.3192912156,9.6436381187277651e-09,1.1572365742473318e-07,0.99995585136556264
383,1447762.5666580487,9.5933454153773996e-09,1.151201449845288e-07,0.99995596648570761
384,1455332.5532336845,9.5434451726621848e-09,1.1452134207194622e-07,0.99995608100704969
385,1462922.2790181222,9.4939332158411149e-09,1.1392719859009338e-07,0.99995619493424825
386,1470531.7440113628,9.4448056529559378e-09,1.1333766783547125e-07,0.99995630827191606
387,1478160.948213405,9.3960583726028126e-09,1.1275270047123376e-07,0.99995642102461657
388,1485809.8916242484,9.3476874199612297e-09,1.1217224903953476e-07,0.99995653319686562
389,1493478.574243895,9.2996891189480732e-09,1.1159626942737688e-07,0.99995664479313506
390,1501166.9960723438,9.2520595738983156e-09,1.1102471488677978e-07,0.99995675581784993
391,1508875.1571095951,9.2047950427045685e-09,1.1045754051245482e-07,0.99995686627539049
392,1516603.0573556479,9.1578916888074508e-09,1.0989470026568941e-07,0.99995697617009072
393,1524350.696810503,9.1113459508404088e-09,1.093361514100849e-07,0.99995708550624207
394,1532118.0754741605,9.0651541718693327e-09,1.0878185006243199e-07,0.99995719428809215
395,1539905.1933466196,9.0193127228715538e-09,1.0823175267445865e-07,0.99995730251984483
396,1547712.0504278822,8.9738182461860495e-09,1.0768581895423259e-07,0.99995741020566375
397,1555538.646717946,8.9286670445237953e-09,1.0714400453428555e-07,0.99995751734966831
398,1563384.9822168117,8.8838556915033255e-09,1.0660626829803991e-07,0.99995762395593657
399,1571251.05692448,8.8393809074370746e-09,1.0607257088924489e-07,0.99995773002850741
400,1579136.8708409511,8.7952393163538245e-09,1.055428717962459e-07,0.99995783557137918
401,1587042.4239662231,8.7514274473044234e-09,1.0501712936765307e-07,0.99995794058850851
402,1594967.7163002985,8.7079422157477097e-09,1.0449530658897251e-07,0.99995804508381514
403,1602912.747843175,8.6647802004929628e-09,1.0397736240591555e-07,0.99995814906117753
404,1610877.5185948543,8.6219383645529909e-09,1.0346326037463589e-07,0.99995825252443793
405,1618862.0285553355,8.5794134548176725e-09,1.0295296145781207e-07,0.99995835547739942
406,1626866.2777246188,8.537202361340411e-09,1.0244642833608493e-07,0.99995845792382776
407,1634890.2661027052,8.4953021156740763e-09,1.0194362538808892e-07,0.99995855986745319
408,1642933.9936895932,8.4537095344493056e-09,1.0144451441339167e-07,0.99995866131196764
409,1650997.4604852824,8.4124215760067428e-09,1.0094905891208091e-07,0.99995876226102653
410,1659080.6664897748,8.3714354564421835e-09,1.004572254773062e-07,0.99995886271825196
411,1667183.6117030701,8.3307481769711555e-09,9.9968978123653866e-08,0.99995896268723006
412,1675306.2961251657,8.2903566437357137e-09,9.9484279724828565e-08,0.99995906217150976
413,1683448.7197560645,8.2502582531835335e-09,9.9003099038202395e-08,0.99995916117460881
414,1691610.8825957654,8.210450070406032e-09,9.852540084487239e-08,0.99995925970000965
415,1699792.7846442694,8.1709294145407001e-09,9.8051152974488408e-08,0.99995935775116263
416,1707994.4259015743,8.1316932758688232e-09,9.7580319310425872e-08,0.99995945533148189
417,1716215.8063676818,8.0927391297935249e-09,9.7112869557522306e-08,0.99995955244435142
418,1724456.9260425917,8.0540642385290533e-09,9.6648770862348646e-08,0.99995964909312229
419,1732717.7849263034,8.0156658840331525e-09,9.618799060839783e-08,0.99995974528111287
420,1740998.3830188173,7.9775414827293206e-09,9.5730497792751847e-08,0.99995984101161062
421,1749298.7203201337,7.9396884693759922e-09,9.5276261632511907e-08,0.99995993628787228
422,1757618.7968302518,7.9021041825857871e-09,9.4825250191029445e-08,0.99996003111312248
423,1765958.6125491729,7.8647862082341091e-09,9.437743449880931e-08,0.99996012549055702
424,1774318.1674768957,7.8277319214239063e-09,9.3932783057086876e-08,0.99996021942334012
425,1782697.4616134202,7.7909388296247395e-09,9.3491265955496874e-08,0.99996031291460608
426,1791096.4949587469,7.7544045711879024e-09,9.3052854854254835e-08,0.99996040596746094
427,1799515.2675128761,7.718126687885259e-09,9.2617520254623102e-08,0.99996049858498115
428,1807953.7792758078,7.6821028515721505e-09,9.2185234218865799e-08,0.99996059077021537
429,1816412.0302475418,7.6463306377940681e-09,9.1755967653528817e-08,0.99996068252618298
430,1824890.0204280773,7.6108076391806382e-09,9.1329691670167652e-08,0.99996077385587467
431,1833387.7498174158,7.5755316892094644e-09,9.0906380270513573e-08,0.99996086476225499
432,1841905.2184155551,7.5405003010296238e-09,9.0486003612355486e-08,0.99996095524825857
433,1850442.4262224976,7.5057114512479502e-09,9.0068537414975402e-08,0.99996104531679597
434,1858999.3732382425,7.4711627964211387e-09,8.9653953557053658e-08,0.99996113497074957
435,1867576.0594627892,7.4368521204736977e-09,8.924222544568438e-08,0.99996122421297506
436,1876172.4848961378,7.4027772226300819e-09,8.8833326671560983e-08,0.99996131304630176
437,1884788.6495382891,7.3689360277093875e-09,8.8427232332512653e-08,0.99996140147353407
438,1893424.5533892426,7.3353263644276766e-09,8.8023916373132116e-08,0.99996148949745045
439,1902080.1964489978,7.3019460764574629e-09,8.7623352917489554e-08,0.99996157712080336
440,1910755.5787175554,7.268793131971983e-09,8.72255175836638e-08,0.99996166434632094
441,1919450.7001949158,7.235865512876644e-09,8.6830386154519735e-08,0.99996175117670705
442,1928165.5608810766,7.2031609963800881e-09,8.6437931956561054e-08,0.99996183761463897
443,1936900.160776041,7.1706778108580533e-09,8.6048133730296637e-08,0.9999619236627727
444,1945654.4998798077,7.1384138701229497e-09,8.5660966441475396e-08,0.99996200932373913
445,1954428.5781923768,7.1063672107183331e-09,8.5276406528619994e-08,0.99996209460014562
446,1963222.3957137468,7.0745357742242189e-09,8.489442929069063e-08,0.99996217949457489
447,1972035.9524439189,7.0429177321950283e-09,8.451501278634034e-08,0.99996226400958765
448,1980869.2483828943,7.01151126823853e-09,8.4138135218862364e-08,0.99996234814772289
449,1989722.2835306714,6.9803143630062112e-09,8.3763772356074534e-08,0.99996243191149525
450,1998595.0578872508,6.9493252253856007e-09,8.3391902704627212e-08,0.99996251530339797
451,2007487.5714526321,6.9185419690612797e-09,8.3022503628735363e-08,0.99996259832590162
452,2016399.824226816,6.8879628271096955e-09,8.2655553925316343e-08,0.99996268098145558
453,2025331.8162098029,6.8575860442134271e-09,8.2291032530561125e-08,0.99996276327248812
454,2034283.5474015905,6.8274096640213917e-09,8.1928915968256704e-08,0.9999628452014041
455,2043255.017802181,6.7974320616230432e-09,8.1569184739476518e-08,0.99996292677058884
456,2052246.2274115728,6.7676514108976963e-09,8.1211816930772352e-08,0.99996300798240578
457,2061257.1762297675,6.7380661090789608e-09,8.0856793308947523e-08,0.99996308883919904
458,2070287.8642567643,6.7086743529586649e-09,8.0504092235503979e-08,0.99996316934329132
459,2079338.2914925639,6.6794745615918855e-09,8.0153694739102625e-08,0.99996324949698612
460,2088408.4579371652,6.650464954354259e-09,7.9805579452251115e-08,0.9999633293025656
461,2097498.3635905678,6.6216438671396533e-09,7.9459726405675839e-08,0.99996340876229195
462,2106608.0084527736,6.5930097511379843e-09,7.9116117013655818e-08,0.99996348787840894
463,2115737.3925237819,6.5645610674163013e-09,7.8774732808995619e-08,0.99996356665314179
464,2124886.5158035909,6.5362959748876294e-09,7.8435551698651556e-08,0.99996364508869351
465,2134055.3782922039,6.5082131637077405e-09,7.8098557964492883e-08,0.99996372318725146
466,2143243.9799896171,6.4803108141999951e-09,7.7763729770399948e-08,0.99996380095098125
467,2152452.3208958339,6.4525876355444505e-09,7.743105162653341e-08,0.99996387838203293
468,2161680.4010108523,6.4250419322750065e-09,7.7100503187300075e-08,0.99996395548253614
469,2170928.2203346728,6.3976722259013934e-09,7.6772066710816717e-08,0.99996403225460284
470,2180195.7788672959,6.3704770473154168e-09,7.6445724567785004e-08,0.99996410870032737
471,2189483.0766087212,6.3434549367252661e-09,7.61214592407032e-08,0.99996418482178662
472,2198790.113558948,6.3166043413652568e-09,7.5799252096383075e-08,0.99996426062103871
473,2208116.889717978,6.2899239225380885e-09,7.5479087070457056e-08,0.99996433610012581
474,2217463.4050858095,6.2634121462146274e-09,7.5160945754575522e-08,0.99996441126107161
475,2226829.6596624437,6.2370676914393117e-09,7.4844812297271744e-08,0.99996448610588395
476,2236215.6534478799,6.2108890426597311e-09,7.453066851191677e-08,0.99996456063655248
477,2245621.3864421183,6.1848748964111531e-09,7.4218498756933831e-08,0.99996463485505127
478,2255046.8586451588,6.1590238563031734e-09,7.3908286275638081e-08,0.99996470876333754
479,2264492.0700570014,6.1333345347509107e-09,7.3600014417010925e-08,0.99996478236335196
480,2273957.0206776457,6.1078055529129455e-09,7.3293666634955353e-08,0.99996485565701854
481,2283441.7105070921,6.0824356409419415e-09,7.2989227691303302e-08,0.9999649286462462
482,2292946.1395453415,6.0572235367786894e-09,7.2686682441344273e-08,0.99996500133292865
483,2302470.3077923935,6.0321678862030497e-09,7.2386014634436593e-08,0.99996507371894328
484,2312014.2152482457,6.0072672438140096e-09,7.2087206925768109e-08,0.99996514580615015
485,2321577.8619129015,5.9825205714218784e-09,7.1790246857062534e-08,0.999965217596397
486,2331161.2477863603,5.9579265389245678e-09,7.1495118467094807e-08,0.9999652890915155
487,2340764.3728686194,5.9334837254841497e-09,7.1201804705809799e-08,0.99996536029332017
488,2350387.237159682,5.9091911148496e-09,7.0910293378195203e-08,0.99996543120361359
489,2360029.8406595467,5.8850474005480267e-09,7.0620568806576326e-08,0.99996550182418242
490,2369692.183368213,5.8610512842810828e-09,7.0332615411372991e-08,0.99996557215679782
491,2379374.2652856819,5.8372016724054684e-09,7.0046420068865624e-08,0.99996564220321793
492,2389076.086411952,5.8134972816001244e-09,6.9761967379201496e-08,0.99996571196518536
493,2398797.6467470247,5.7899370322967714e-09,6.9479244387561256e-08,0.99996578144442971
494,2408538.9462909005,5.7665197536245694e-09,6.9198237043494832e-08,0.99996585064266674
495,2418299.9850435774,5.7432441843562641e-09,6.8918930212275173e-08,0.99996591956159697
496,2428080.7630050583,5.7201093629570144e-09,6.864131235548417e-08,0.99996598820290927
497,2437881.2801753394,5.6971139450125356e-09,6.836536734015043e-08,0.99996605656827664
498,2447701.5365544241,5.6742569821995622e-09,6.8091083786394739e-08,0.99996612465936041
499,2457541.5321423099,5.6515372414832926e-09,6.7818446897799505e-08,0.99996619247780727
500,2467401.2669389979,5.6289536904886203e-09,6.7547444285863441e-08,0.99996626002525157
501,2477280.740944488,5.6065052065962538e-09,6.7278062479155039e-08,0.99996632730331403
502,2487179.9541587802,5.5841907700950288e-09,6.7010289241140346e-08,0.99996639431360324
503,2497098.9065818759,5.5620093672555047e-09,6.6744112407066049e-08,0.99996646105771569
504,2507037.5982137728,5.5399597988226961e-09,6.6479517585872353e-08,0.99996652753723325
505,2516996.0290544718,5.5180410640534148e-09,6.6216492768640975e-08,0.99996659375372599
506,2526974.1991039729,5.4962521680629786e-09,6.595502601675574e-08,0.99996665970875198
507,2536972.108362277,5.4745921217876396e-09,6.5695105461451682e-08,0.99996672540385745
508,2546989.7568293833,5.4530598469665353e-09,6.543671816359842e-08,0.9999667908405756
509,2557027.1445052898,5.4316542718316092e-09,6.5179851261979317e-08,0.9999668560204269
510,2567084.2713900008,5.4103746148879668e-09,6.4924495378655599e-08,0.99996692094492223
511,2577161.1374835134,5.3892197211312974e-09,6.4670636653575572e-08,0.99996698561555886
